{"X": [[2.0, 0.5, 2.5, 2.8, 1.5, 0.5], [1.2, 0.3, 1.0, 1.5, 0.9, -0.2], [3.5, 0.7, 4.0, 4.5, 2.9, 1.0], [1.0, 0.1, 1.1, 1.3, 0.8, 0.1], [4.554, 3.0133940996822837, 3.69, 9.81, 1.31, -6.120000000000001]], "y": [1, 0, 1, 0, 1]}
